,Area_merged,Area_Plant,Area_Insect_h,Area_Insect_p,Area_herbivory,Area_only_herbivory,Area_pollination,Area_only_pollination
0,0.4295112781954886,0.5178571428571429,0.492063492063492,0.3732142857142857,0.492063492063492,0.5384615384615384,0.3732142857142857,0.3875
1,0.4078947368421053,0.5178571428571429,0.40079365079365076,0.4142857142857142,0.40079365079365076,0.4914529914529915,0.4142857142857142,0.38749999999999996
2,0.44266917293233077,0.5178571428571429,0.5277777777777778,0.3660714285714285,0.5277777777777778,0.4743589743589744,0.3660714285714285,0.37999999999999995
