,Area_merged,Area_Insect_p,Area_Insect_h,Area_Plant,Area_herbivory,Area_only_herbivory,Area_pollination,Area_only_pollination
0,0.27631578947368424,0.1375,0.4305555555555556,0.5178571428571429,0.4305555555555556,0.5128205128205128,0.1375,0.1725
1,0.29981203007518786,0.3357142857142857,0.2599206349206349,0.5178571428571429,0.2599206349206349,0.3333333333333333,0.3357142857142857,0.275
2,0.4501879699248119,0.38214285714285706,0.5257936507936507,0.5178571428571429,0.5257936507936507,0.5384615384615385,0.38214285714285706,0.4075
