,Area_merged,Area_Insect_h,Area_Insect_p,Area_Plant,Area_pollination,Area_only_pollination,Area_herbivory,Area_only_herbivory
0,0.6795112781954887,0.6646825396825397,0.6928571428571427,0.5178571428571429,0.6928571428571427,0.6525,0.6646825396825397,0.5982905982905982
1,0.6870300751879699,0.6924603174603174,0.682142857142857,0.5178571428571429,0.682142857142857,0.6475,0.6924603174603174,0.6239316239316239
2,0.6832706766917294,0.6944444444444444,0.6732142857142857,0.5178571428571429,0.6732142857142857,0.6475,0.6944444444444444,0.5897435897435896
